"year","Symbol","Entrez Id","Position","Location","Description","Type","Reference","LocusZoom"
"2014","ABCB9","23457","chr12:123413539..123459752","12q24","ATP-binding cassette, sub-family B (MDR/TAP), member 9","protein-coding","Ripke et al., 2014",""
"2014","ACD","65057","chr16:67691415..67694718","16q22.1","adrenocortical dysplasia homolog (mouse)","protein-coding","Ripke et al., 2014",""
"2014","ACTR5","79913","chr20:37377097..37401089","20q11.23","ARP5 actin-related protein 5 homolog (yeast)","protein-coding","Ripke et al., 2014",""
"2014","ADAMTSL3","57188","chr15:84322838..84708594","15q25.2","ADAMTS-like 3","protein-coding","Ripke et al., 2014",""
"2009","ADRBK2","157","chr22:25960861..26125259","22q12.1","adrenergic, beta, receptor kinase 2","protein-coding","Purcell et al., 2009",""
"2014","ADRBK2","157","chr22:25960861..26125259","22q12.1","adrenergic, beta, receptor kinase 2","protein-coding","Ripke et al., 2014",""
"2014","AGPHD1","123688","chr15:78799906..78829715","15q25.1","hydroxylysine kinase","protein-coding","Ripke et al., 2014",""
"2013","AKT3","10000","chr1:243651535..244006886","1q44","v-akt murine thymoma viral oncogene homolog 3","protein-coding","Ripke et al., 2013",""
"2014","AKT3","10000","chr1:243651535..244006886","1q44","v-akt murine thymoma viral oncogene homolog 3","protein-coding","Ripke et al., 2014",""
"2014","ALDOA","226","chr16:30064491..30081735","16p11.2","aldolase A, fructose-bisphosphate","protein-coding","Ripke et al., 2014",""
"2012","AMBRA1","55626","chr11:46417964..46612914","11p11.2","autophagy/beclin-1 regulator 1","protein-coding","Rietschel et al., 2012",""
"2014","AMBRA1","55626","chr11:46417964..46612914","11p11.2","autophagy/beclin-1 regulator 1","protein-coding","Ripke et al., 2014",""
"2014","ANKRD44","91526","chr2:197851386..198175521","2q33.1","ankyrin repeat domain 44","protein-coding","Ripke et al., 2014",""
"2014","ANKRD63","100131244","chr15:40573645..40574787","15q15.1","ankyrin repeat domain 63","protein-coding","Ripke et al., 2014",""
"2014","ANP32E","81611","chr1:150190717..150208504","1q21.2","acidic (leucine-rich) nuclear phosphoprotein 32 family, member E","protein-coding","Ripke et al., 2014",""
"2014","APH1A","51107","chr1:150237799..150241532","1p36.13-q31.3","APH1A gamma secretase subunit","protein-coding","Ripke et al., 2014",""
"2014","APOPT1","84334","chr14:104029299..104057236","14q32.33","apoptogenic 1, mitochondrial","protein-coding","Ripke et al., 2014",""
"2014","ARHGAP1","392","chr11:46698630..46722120","11p11.2","Rho GTPase activating protein 1","protein-coding","Ripke et al., 2014",""
"2014","ARL3","403","chr10:104433484..104474190","10q23.3","ADP-ribosylation factor-like 3","protein-coding","Ripke et al., 2014",""
"2014","ARL6IP4","51329","chr12:123464880..123467460","12q24.31","ADP-ribosylation factor-like 6 interacting protein 4","protein-coding","Ripke et al., 2014",""
"2013","AS3MT","57412","chr10:104629210..104661656","10q24.32","arsenite methyltransferase","protein-coding","Ripke et al., 2013",""
"2014","AS3MT","57412","chr10:104629210..104661656","10q24.32","arsenite methyltransferase","protein-coding","Ripke et al., 2014",""
"2014","ASPHD1","253982","chr16:29912147..29917377","16p11.2","aspartate beta-hydroxylase domain containing 1","protein-coding","Ripke et al., 2014",""
"2014","ATG13","9776","chr11:46638826..46697569","11p11.2","autophagy related 13","protein-coding","Ripke et al., 2014",""
"2014","ATP2A2","488","chr12:110719032..110788898","12q24.11","ATPase, Ca++ transporting, cardiac muscle, slow twitch 2","protein-coding","Ripke et al., 2014",""
"2014","ATP5G2P3","100507097","chr2:198127781..198128402","2q33.1","ATP synthase, H+ transporting, mitochondrial Fo complex, subunit C2 (subunit 9) pseudogene 3","pseudo","Ripke et al., 2014",""
"2014","ATPAF2","91647","chr17:17921334..17942480","17p11.2","ATP synthase mitochondrial F1 complex assembly factor 2","protein-coding","Ripke et al., 2014",""
"2014","ATXN7","6314","chr3:63850233..63989138","3p21.1-p12","ataxin 7","protein-coding","Ripke et al., 2014",""
"2014","BAG5","9529","chr14:104022881..104029151","14q32.33","BCL2-associated athanogene 5","protein-coding","Ripke et al., 2014",""
"2014","BCL11B","64919","chr14:99635624..99737822","14q32.2","B-cell CLL/lymphoma 11B (zinc finger protein)","protein-coding","Ripke et al., 2014",""
"2011","BCL9","607","chr1:147013182..147098017","1q21","B-cell CLL/lymphoma 9","protein-coding","Li et al., 2011",""
"2014","BCL9","607","chr1:147013182..147098017","1q21","B-cell CLL/lymphoma 9","protein-coding","Ripke et al., 2014",""
"2014","BOLL","66037","chr2:198591603..198650938","2q33","boule-like RNA-binding protein","protein-coding","Ripke et al., 2014",""
"2014","BRP44","25874","chr1:167885913..167906307","1q24","mitochondrial pyruvate carrier 2","protein-coding","Ripke et al., 2014",""
"2014","BTBD18","643376","chr11:57510986..57519253","11q12.1","BTB (POZ) domain containing 18","protein-coding","Ripke et al., 2014",""
"2014","C10orf32","119032","chr10:104613967..104624718","10q24.32","chromosome 10 open reading frame 32","protein-coding","Ripke et al., 2014",""
"2014","C11orf31","280636","chr11:57508722..57510883","11q12.1","chromosome 11 open reading frame 31","protein-coding","Ripke et al., 2014",""
"2014","C11orf87","399947","chr11:109292846..109299893","11q22.3","chromosome 11 open reading frame 87","protein-coding","Ripke et al., 2014",""
"2014","C12orf42","374470","chr12:103695733..103889749","12q23.2","chromosome 12 open reading frame 42","protein-coding","Ripke et al., 2014",""
"2014","C12orf65","91574","chr12:123717844..123742506","12q24.31","chromosome 12 open reading frame 65","protein-coding","Ripke et al., 2014",""
"2014","C12orf79","256021","chr12:92378752..92536447","12q21.33","chromosome 12 open reading frame 79","ncRNA","Ripke et al., 2014",""
"2014","C16orf86","388284","chr16:67700717..67702661","16q22.1","chromosome 16 open reading frame 86","protein-coding","Ripke et al., 2014",""
"2014","C16orf92","146378","chr16:30034655..30036023","16p11.2","chromosome 16 open reading frame 92","protein-coding","Ripke et al., 2014",""
"2014","C1orf132","100128537","chr1:207935064-208042417","1q32.2","chromosome 1 open reading frame 132","unknown","Ripke et al., 2014",""
"2014","C1orf51","148523","chr1:150255229..150259501","1q21.2","circadian associated repressor of transcription","protein-coding","Ripke et al., 2014",""
"2014","C1orf54","79630","chr1:150245183..150253335","1q21.2","chromosome 1 open reading frame 54","protein-coding","Ripke et al., 2014",""
"2014","C2orf47","79568","chr2:200820040..200828848","2q33.1","chromosome 2 open reading frame 47","protein-coding","Ripke et al., 2014",""
"2014","C2orf69","205327","chr2:200775979..200792996","2q33.1","chromosome 2 open reading frame 69","protein-coding","Ripke et al., 2014",""
"2014","C2orf82","389084","chr2:233734994..233741107","2q37.1","chromosome 2 open reading frame 82","protein-coding","Ripke et al., 2014",""
"2014","C3orf49","132200","chr3:63805041..63834312","3p14.1","chromosome 3 open reading frame 49","ncRNA","Ripke et al., 2014",""
"2014","C4orf27","54969","chr4:170650619..170679093","4q33","chromosome 4 open reading frame 27","protein-coding","Ripke et al., 2014",""
"2014","CA14","23632","chr1:150230218..150237478","1q21","carbonic anhydrase XIV","protein-coding","Ripke et al., 2014",""
"2014","CA8","767","chr8:61101423..61193954","8q12.1","carbonic anhydrase VIII","protein-coding","Ripke et al., 2014",""
"2013","CACNA1C","775","chr12:2162416..2807115","12p13.3","calcium channel, voltage-dependent, L type, alpha 1C subunit","protein-coding","Ripke et al., 2013",""
"2014","CACNA1C","775","chr12:2162416..2807115","12p13.3","calcium channel, voltage-dependent, L type, alpha 1C subunit","protein-coding","Ripke et al., 2014",""
"2014","CACNA1I","8911","chr22:39966758..40085740","22q13.1","calcium channel, voltage-dependent, T type, alpha 1I subunit","protein-coding","Ripke et al., 2014",""
"2013","CACNB2","783","chr10:18429606..18830688","10p12","calcium channel, voltage-dependent, beta 2 subunit","protein-coding","Ripke et al., 2013",""
"2014","CACNB2","783","chr10:18429606..18830688","10p12","calcium channel, voltage-dependent, beta 2 subunit","protein-coding","Ripke et al., 2014",""
"2014","CCDC39","339829","chr3:180331796..180397283","3q26.33","coiled-coil domain containing 39","protein-coding","Ripke et al., 2014",""
"2011","CCDC68","80323","chr18:52568740..52626739","18q21","coiled-coil domain containing 68","protein-coding","Ripke et al., 2011",""
"2014","CCDC68","80323","chr18:52568740..52626739","18q21","coiled-coil domain containing 68","protein-coding","Ripke et al., 2014",""
"2014","CD14","929","chr5:140011313..140013286","5q31.1","CD14 molecule","protein-coding","Ripke et al., 2014",""
"2014","CD46","4179","chr1:207925383..207968861","1q32","CD46 molecule, complement regulatory protein","protein-coding","Ripke et al., 2014",""
"2014","CDC25C","995","chr5:137620959..137667516","5q31","cell division cycle 25C","protein-coding","Ripke et al., 2014",""
"2014","CDK2AP1","8099","chr12:123745538..123756687","12q24.31","cyclin-dependent kinase 2 associated protein 1","protein-coding","Ripke et al., 2014",""
"2014","CENPM","79019","chr22:42334741..42343148","22q13.2","centromere protein M","protein-coding","Ripke et al., 2014",""
"2014","CENPT","80152","chr16:67862060..67881361","16q22.1","centromere protein T","protein-coding","Ripke et al., 2014",""
"2014","CHADL","150356","chr22:41625514..41636935","22q13.2","chondroadherin-like","protein-coding","Ripke et al., 2014",""
"2014","CHRM4","1132","chr11:46406640..46408107","11p12-p11.2","cholinergic receptor, muscarinic 4","protein-coding","Ripke et al., 2014",""
"2014","CHRNA3","1136","chr15:78885394..78913637","15q24","cholinergic receptor, nicotinic, alpha 3 (neuronal)","protein-coding","Ripke et al., 2014",""
"2014","CHRNA5","1138","chr15:78857862..78887611","15q24","cholinergic receptor, nicotinic, alpha 5 (neuronal)","protein-coding","Ripke et al., 2014",""
"2014","CHRNB4","1143","chr15:78916636..78933587","15q24","cholinergic receptor, nicotinic, beta 4 (neuronal)","protein-coding","Ripke et al., 2014",""
"2014","CILP2","148113","chr19:19649074..19657468","19p13.11","cartilage intermediate layer protein 2","protein-coding","Ripke et al., 2014",""
"2014","CKAP5","9793","chr11:46765084..46867843","11p11.2","cytoskeleton associated protein 5","protein-coding","Ripke et al., 2014",""
"2014","CKB","1152","chr14:103985996..103989170","14q32","creatine kinase, brain","protein-coding","Ripke et al., 2014",""
"2014","CLCN3","1182","chr4:170541722..170642157","4q33","chloride channel, voltage-sensitive 3","protein-coding","Ripke et al., 2014",""
"2014","CLP1","10978","chr11:57425216..57429337","11q12","cleavage and polyadenylation factor I subunit 1","protein-coding","Ripke et al., 2014",""
"2014","CLU","1191","chr8:27454434..27472328","8p21-p12","clusterin","protein-coding","Ripke et al., 2014",""
"2014","CNKSR2","22866","chrX:21392536..21672813","Xp22.12","connector enhancer of kinase suppressor of Ras 2","protein-coding","Ripke et al., 2014",""
"2011","CNNM2","54805","chr10:104678114..104838241","10q24.32","cyclin and CBS domain divalent metal cation transport mediator 2","protein-coding","Ripke et al., 2011",""
"2014","CNNM2","54805","chr10:104678114..104838241","10q24.32","cyclin and CBS domain divalent metal cation transport mediator 2","protein-coding","Ripke et al., 2014",""
"2014","CNOT1","23019","chr16:58553855..58663750","16q21","CCR4-NOT transcription complex, subunit 1","protein-coding","Ripke et al., 2014",""
"2014","CNTN4","152330","chr3:2140550..3099645","3p26.3","contactin 4","protein-coding","Ripke et al., 2014",""
"2014","COQ10B","80219","chr2:198318231..198339851","2q33.1","coenzyme Q10 homolog B (S. cerevisiae)","protein-coding","Ripke et al., 2014",""
"2014","COX11P1","140468","chr6:28414697..28415407","6p22.1","COX11 cytochrome c oxidase copper chaperone pseudogene 1","pseudo","Ripke et al., 2014",""
"2014","CR1L","1379","chr1:207818458..207897036","1q32.1","complement component (3b/4b) receptor 1-like","protein-coding","Ripke et al., 2014",""
"2014","CREB3L1","90993","chr11:46299228..46342972","11p11.2","cAMP responsive element binding protein 3-like 1","protein-coding","Ripke et al., 2014",""
"2011","CSMD1","64478","chr8:2792875..4852328","8p23.2","CUB and Sushi multiple domains 1","protein-coding","Ripke et al., 2011",""
"2014","CSMD1","64478","chr8:2792875..4852328","8p23.2","CUB and Sushi multiple domains 1","protein-coding","Ripke et al., 2014",""
"2014","CSPG4P11","100631254","chr15:84855507..84860930","15q25.2","chondroitin sulfate proteoglycan 4 pseudogene 11","pseudo","Ripke et al., 2014",""
"2014","CTCF","10664","chr16:67596310..67673088","16q21-q22.3","CCCTC-binding factor (zinc finger protein)","protein coding","Ripke et al., 2014",""
"2014","CTNNA1","1495","chr5:138089107..138270723","5q31.2","catenin (cadherin-associated protein), alpha 1, 102kDa","protein-coding","Ripke et al., 2014",""
"2014","CTNND1","1500","chr11:57529234..57586652","11q11","catenin (cadherin-associated protein), delta 1","protein-coding","Ripke et al., 2014",""
"2014","CTRL","1506","chr16:67963473..67965778","16q22.1","chymotrypsin-like","protein-coding","Ripke et al., 2014",""
"2014","CUL3","8452","chr2:225334869..225450110","2q36.2","cullin 3","protein-coding","Ripke et al., 2014",""
"2014","CYP17A1","1586","chr10:104590288..104597290","10q24.3","cytochrome P450, family 17, subfamily A, polypeptide 1","protein-coding","Ripke et al., 2014",""
"2014","CYP26B1","56603","chr2:72356367..72374963","2p13.2","cytochrome P450, family 26, subfamily B, polypeptide 1","protein-coding","Ripke et al., 2014",""
"2014","CYP2D6","1565","chr22:42522501..42526883","22q13.1","cytochrome P450, family 2, subfamily D, polypeptide 6","protein-coding","Ripke et al., 2014",""
"2014","CYP2D8P","1568","chr22:42545874..42551097","22q13.2","cytochrome P450, family 2, subfamily D, polypeptide 8, pseudogene","pseudo","Ripke et al., 2014",""
"2014","DDX10P2","401533","chr9:84700669..84703745","9q21.32","DEAD (Asp-Glu-Ala-Asp) box polypeptide 10 pseudogene 2","pseudo","Ripke et al., 2014",""
"2014","DDX28","55794","chr16:68055177..68057770","16q22.1","DEAD (Asp-Glu-Ala-Asp) box polypeptide 28","protein-coding","Ripke et al., 2014",""
"2014","DFNA5","1687","chr7:24737974..24797639","7p15","deafness, autosomal dominant 5","protein-coding","Ripke et al., 2014",""
"2014","DGKI","9162","chr7:137074385..137531609","7q32.3-q33","diacylglycerol kinase, iota","protein-coding","Ripke et al., 2014",""
"2014","DGKZ","8525","chr11:46354455..46402104","11p11.2","diacylglycerol kinase, zeta","protein-coding","Ripke et al., 2014",""
"2014","DNAJC19","131118","chr3:180701497..180707562","3q26.33","DnaJ (Hsp40) homolog, subfamily C, member 19","protein-coding","Ripke et al., 2014",""
"2014","DND1","373863","chr5:140050381..140053171","5q31.3","DND microRNA-mediated repression inhibitor 1","protein-coding","Ripke et al., 2014",""
"2014","DOC2A","8448","chr16:30016835..30022401","16p11.2","double C2-like domains, alpha","protein-coding","Ripke et al., 2014",""
"2014","DPEP2","64174","chr16:68021293..68033364","16q22.1","dipeptidase 2","protein-coding","Ripke et al., 2014",""
"2014","DPEP3","64180","chr16:68009566..68014452","16q22.1","dipeptidase 3","protein-coding","Ripke et al., 2014",""
"2014","DPP4","1803","chr2:162848755..162931052","2q24.3","dipeptidyl-peptidase 4","protein-coding","Ripke et al., 2014",""
"2014","DPYD","1806","chr1:97543299..98386615","1p22","dihydropyrimidine dehydrogenase","protein-coding","Ripke et al., 2014",""
"2014","DPYD-AS1","100873932","chr1:97561479..97788511","1","DPYD antisense RNA 1","ncRNA","Ripke et al., 2014",""
"2014","DPYD-AS2","100873933","chr1:97796921..97798051","1p21.3","DPYD antisense RNA 2","ncRNA","Ripke et al., 2014",""
"2014","DPYD-IT1","100874267","chr1:97859710..97885697","1p21.3","DPYD intronic transcript 1","ncRNA","Ripke et al., 2014",""
"2014","DRD2","1813","chr11:113280317..113346001","11q23","dopamine receptor D2","protein-coding","Ripke et al., 2014",""
"2014","DRG2","1819","chr17:17991283..18011292","17p11.2","developmentally regulated GTP binding protein 2","protein-coding","Ripke et al., 2014",""
"2014","DUS2L","54920","chr13:68057204..68113184","16q22.1","dihydrouridine synthase 2","protein-coding","Ripke et al., 2014",""
"2014","EDC4","23644","chr16:67906999..67918406","16q22.1","enhancer of mRNA decapping 4","protein-coding","Ripke et al., 2014",""
"2014","EFHD1","80303","chr2:233470767..233547491","2q37.1","EF-hand domain family, member D1","protein-coding","Ripke et al., 2014",""
"2014","EFTUD1P1","648809","chr15:84748939..84795353","15q25.2","elongation factor Tu GTP binding domain containing 1 pseudogene 1","pseudo","Ripke et al., 2014",""
"2014","EGR1","1958","chr5:137801181..137805004","5q31.1","early growth response 1","protein-coding","Ripke et al., 2014",""
"2014","EIF3FP3","339799","chr2:58478564..58479822","2p16.1","eukaryotic translation initiation factor 3, subunit F pseudogene 3","pseudo","Ripke et al., 2014",""
"2014","ENKD1","84080","chr16:67696850..67700628","16q22.1","enkurin domain containing 1","protein-coding","Ripke et al., 2014",""
"2014","EP300","2033","chr22:41488614..41576081","22q13.2","E1A binding protein p300","protein-coding","Ripke et al., 2014",""
"2014","EPC2","26122","chr2:149402560..149545136","2q23.1","enhancer of polycomb homolog 2 (Drosophila)","protein-coding","Ripke et al., 2014",""
"2014","EPHX2","2053","chr8:27348645..27402486","8p21","epoxide hydrolase 2, cytoplasmic","protein-coding","Ripke et al., 2014",""
"2014","ERCC4","2072","chr16:14014014..14046205","16p13.12","excision repair cross-complementation group 4","protein-coding","Ripke et al., 2014",""
"2014","ESAM","90952","chr11:124623019..124632223","11q24.2","endothelial cell adhesion molecule","protein-coding","Ripke et al., 2014",""
"2014","ESRP2","80004","chr16:68262450..68270136","16q22.1","epithelial splicing regulatory protein 2","protein-coding","Ripke et al., 2014",""
"2014","ETF1","2107","chr5:137841784..137878932","5q31.1","eukaryotic translation termination factor 1","protein-coding","Ripke et al., 2014",""
"2014","F2","2147","chr11:46740743..46761056","11p11","coagulation factor II (thrombin)","protein-coding","Ripke et al., 2014",""
"2014","FABP7P1","100506953","chr1:243787684..243788420","1q44","fatty acid binding protein 7, brain pseudogene 1","pseudo","Ripke et al., 2014",""
"2014","FAM109B","150368","chr22:42470255..42475442","22q13.2","family with sequence similarity 109, member B","protein-coding","Ripke et al., 2014",""
"2014","FAM53C","51307","chr5:137673224..137685418","5q31","family with sequence similarity 53, member C","protein-coding","Ripke et al., 2014",""
"2014","FAM57B","83723","chr16:30035748..30042186","16p11.2","family with sequence similarity 57, member B","protein-coding","Ripke et al., 2014",""
"2014","FAM5B","57795","chr1:177140633..177251558","1q24","bone morphogenetic protein/retinoic acid inducible neural-specific 2","protein-coding","Ripke et al., 2014",""
"2014","FANCL","55120","chr2:58386378..58468515","2p16.1","Fanconi anemia, complementation group L","protein-coding","Ripke et al., 2014",""
"2014","FAUP2","100271125","chr3:180960393..180960689","3q26.33","FBR-MuSV-associated ubiquitously expressed (fox derived) pseudogene 2","pseudo","Ripke et al., 2014",""
"2014","FES","2242","chr15:91427665..91439006","15q26.1","FES proto-oncogene, tyrosine kinase","protein-coding","Ripke et al., 2014",""
"2014","FLYWCH1P1","100130898","chr3:180545730..180547706","3q26.33","FLYWCH-type zinc finger 1 pseudogene 1","pseudo","Ripke et al., 2014",""
"2014","FONG","348751","chr2:200625259..200715896","2q33.1","formiminotransferase cyclodeaminase N-terminal like","protein-coding","Ripke et al., 2014",""
"2014","FURIN","5045","chr15:91411885..91426687","15q26.1","furin (paired basic amino acid cleaving enzyme)","protein-coding","Ripke et al., 2014",""
"2014","FUT9","10690","chr6:96463845..96663488","6q16","fucosyltransferase 9 (alpha (1,3) fucosyltransferase)","protein-coding","Ripke et al., 2014",""
"2014","FXR1","8087","chr3:180630234..180700541","3q28","fragile X mental retardation, autosomal homolog 1","protein-coding","Ripke et al., 2014",""
"2014","GALNT10","55568","chr5:153570295..153800544","5q33.2","polypeptide N-acetylgalactosaminyltransferase 10","protein-coding","Ripke et al., 2014",""
"2014","GATAD2A","54815","chr19:19496642..19619741","19p13.11","GATA zinc finger domain containing 2A","protein-coding","Ripke et al., 2014",""
"2014","GDPD3","79153","chr16:30116131..30124878","16p11.2","glycerophosphodiester phosphodiesterase domain containing 3","protein-coding","Ripke et al., 2014",""
"2014","GFOD2","81577","chr16:67708436..67753273","16q22.1","glucose-fructose oxidoreductase domain containing 2","protein-coding","Ripke et al., 2014",""
"2014","GFRA3","2676","chr5:137588069..137610253","5q31.1-q31.3","GDNF family receptor alpha 3","protein-coding","Ripke et al., 2014",""
"2014","GID4","79018","chr17:17942611..17971719","17p11.2","GID complex subunit 4","protein-coding","Ripke et al., 2014",""
"2014","GIGYF2","26058","chr2:233562015..233725287","2q37.1","GRB10 interacting GYF protein 2","protein-coding","Ripke et al., 2014",""
"2014","GLT8D1","55830","chr3:52728504..52740099","3p21.1","glycosyltransferase 8 domain containing 1","protein-coding","Ripke et al., 2014",""
"2014","GNL3","26354","chr3:52719936..52728513","3p21.1","guanine nucleotide binding protein-like 3 (nucleolar)","protein-coding","Ripke et al., 2014",""
"2014","GOLGA6L4","643707","chr15:84904525..84914120","15q25.2","golgin A6 family-like 4","protein-coding","Ripke et al., 2014",""
"2014","GOLGA6L5P","374650","chr15:85047738..85060078","15q25.2","golgin A6 family-like 5, pseudogene","pseudo","Ripke et al., 2014",""
"2014","GPM6A","2823","chr4:176554088..176923648","4q34","glycoprotein M6A","protein-coding","Ripke et al., 2014",""
"2014","GPX5","2880","chr6:15993..24932","6p22.1","glutathione peroxidase 5","protein-coding","Ripke et al., 2014",""
"2014","GPX6","257202","chr6:732..5774","6p22.1","glutathione peroxidase 6","protein-coding","Ripke et al., 2014",""
"2014","GRAMD1B","57476","chr11:123396528..123493518","11q24.1","GRAM domain containing 1B","protein-coding","Ripke et al., 2014",""
"2014","GRIA1","2890","chr5:152870084..153193429","5q31.1","glutamate receptor, ionotropic, AMPA 1","protein-coding","Ripke et al., 2014",""
"2014","GRIN2A","2903","chr16:9847265..10276611","16p13.2","glutamate receptor, ionotropic, N-methyl D-aspartate 2A","protein-coding","Ripke et al., 2014",""
"2014","GRM3","2913","chr7:86273230..86494192","7q21.1-q21.2","glutamate receptor, metabotropic 3","protein-coding","Ripke et al., 2014",""
"2014","GULOP","2989","chr8:27435128..27446590)","8p21.1","gulonolactone (L-) oxidase, pseudogene","pseudo","Ripke et al., 2014",""
"2014","HAPLN4","404037","chr19:19366450..19373596","19p13.1","hyaluronan and proteoglycan link protein 4","protein-coding","Ripke et al., 2014",""
"2014","HARBI1","283254","chr11:46624856..46638777","11p11.2","harbinger transposase derived 1","protein-coding","Ripke et al., 2014",""
"2014","HARS2","23438","chr5:140071018..140078890","5q31.3","histidyl-tRNA synthetase 2, mitochondrial","protein-coding","Ripke et al., 2014",""
"2014","HARS","3035","chr5:140053490..140070971","5q31.3","histidyl-tRNA synthetase","protein-coding","Ripke et al., 2014",""
"2014","HCN1","348980","chr5:45259352..45696220","5p12","hyperpolarization activated cyclic nucleotide gated potassium channel 1","protein-coding","Ripke et al., 2014",""
"2014","HIRIP3","8479","chr16:30004311..30007412","16p11.2","HIRA interacting protein 3","protein-coding","Ripke et al., 2014",""
"2014","HIST1H2BJ","8970","chr6:27100095..27100575","6p22.1","histone cluster 1, H2bj","protein-coding","Ripke et al., 2014",""
"2009","HIST1H2BJ","8970","chr6:27100095..27100575","6p22.1","histone cluster 1, H2bj","protein-coding","Stefansson et al., 2009",""
"2014","HIST1H2BL","8340","chr6:27775257..27775709","6p22.1","histone cluster 1, H2bl","protein-coding","Ripke et al., 2014",""
"2014","HIST1H2BL","8340","chr6:27775257..27775709","6p22.1","histone cluster 1, H2bl","protein-coding","Ripke et al., 2014",""
"2009","HIST1H2BL","8340","chr6:27775257..27775709","6p22.1","histone cluster 1, H2bl","protein-coding","Stefansson et al., 2009",""
"2013","HLA-DRB9","3132","chr6:3897480..3899020","6p21.3","major histocompatibility complex, class II, DR beta 9 (pseudogene)","pseudo","Ripke et al., 2013",""
"2014","HLA-DRB9","3132","chr6:3897480..3899020","6p21.3","major histocompatibility complex, class II, DR beta 9 (pseudogene)","pseudo","Ripke et al., 2014",""
"2014","HMGN1P10","100874438","chr3:136327892..136328444","3","high mobility group nucleosome binding domain 1 pseudogene 10","pseudo","Ripke et al., 2014",""
"2014","HNRNPA1P16","440396","chr17:2210049..2211340","17p13.3","heterogeneous nuclear ribonucleoprotein A1 pseudogene 16","pseudo","Ripke et al., 2014",""
"2014","HSPA9","3313","chr5:137890571..137911318","5q31.1","heat shock 70kDa protein 9 (mortalin)","protein-coding","Ripke et al., 2014",""
"2014","HSPD1","3329","chr2:198351308..198364998","2q33.1","heat shock 60kDa protein 1 (chaperonin)","protein-coding","Ripke et al., 2014",""
"2014","HSPE1","3336","chr2:198364721..198368187","2q33.1","heat shock 10kDa protein 1","protein-coding","Ripke et al., 2014",""
"2014","HSPE1-MOB4","100529241","chr2:198364721..198418423","2q33","HSPE1-MOB4 readthrough","protein coding","Ripke et al., 2014",""
"2014","IFT74","80173","chr9:26947037..27062931","9p21.2","intraflagellar transport 74","protein-coding","Ripke et al., 2014",""
"2009","IFT74","80173","chr9:26947037..27062931","9p21.2","intraflagellar transport 74","protein-coding","Stefansson et al., 2009",""
"2014","IGSF9B","22997","chr11:133785185..133826880","11q25","immunoglobulin superfamily, member 9B","protein-coding","Ripke et al., 2014",""
"2014","IK","3550","chr5:140027384..140042065","5q31.3","IK cytokine, down-regulator of HLA II","protein-coding","Ripke et al., 2014",""
"2014","IMMP2L","83943","chr7:110303110..111202347","7q31","IMP2 inner mitochondrial membrane peptidase-like (S. cerevisiae)","protein-coding","Ripke et al., 2014",""
"2014","INA","9118","chr10:105036920..105050108","10q24.33","internexin neuronal intermediate filament protein, alpha","protein-coding","Ripke et al., 2014",""
"2014","INO80E","283899","chr16:30007531..30017112","16p11.2","INO80 complex subunit E","protein-coding","Ripke et al., 2014",""
"2014","IREB2","3658","chr15:78730518..78793798","15q25.1","iron-responsive element binding protein 2","protein-coding","Ripke et al., 2014",""
"2014","ITIH1","3697","chr3:52811608..52826077","3p21.1","inter-alpha-trypsin inhibitor heavy chain 1","protein-coding","Ripke et al., 2014",""
"2013","ITIH3","3699","chr3:52828784..52843025","3p21.1","inter-alpha-trypsin inhibitor heavy chain 3","protein-coding","Hamshere et al., 2013",""
"2013","ITIH3","3699","chr3:52828784..52843025","3p21.1","inter-alpha-trypsin inhibitor heavy chain 3","protein-coding","Ripke et al., 2013",""
"2014","ITIH3","3699","chr3:52828784..52843025","3p21.1","inter-alpha-trypsin inhibitor heavy chain 3","protein-coding","Ripke et al., 2014",""
"2013","ITIH4","3700","chr3:52847006..52864717","3p21.1","inter-alpha-trypsin inhibitor heavy chain family, member 4","protein-coding","Hamshere et al., 2013",""
"2014","ITIH4","3700","chr3:52847006..52864717","3p21.1","inter-alpha-trypsin inhibitor heavy chain family, member 4","protein-coding","Ripke et al., 2014",""
"2014","ITIH4-AS1","100873993","chr3:52823935..52825314","3p21.1","ITIH4 antisense RNA 1","ncRNA","Ripke et al., 2014",""
"2014","KARSP3","100132079","chr16:68036326..68038354","16q22.1","lysyl-tRNA synthetase pseudogene 3","pseudo","Ripke et al., 2014",""
"2014","KCNB1","3745","chr20:47988505..48099181","20q13.2","potassium channel, voltage gated Shab related subfamily B, member 1","protein-coding","Ripke et al., 2014",""
"2014","KCNJ13","3769","chr2:233630512..233641275","2q37","potassium channel, inwardly rectifying subfamily J, member 13","protein-coding","Ripke et al., 2014",""
"2014","KCNV1","27012","chr8:110979233..110986959","8q23.2","potassium channel, voltage gated modifier subfamily V, member 1","protein-coding","Ripke et al., 2014",""
"2014","KCTD13","253980","chr16:29917660..29937545","16p11.2","potassium channel tetramerization domain containing 13","protein-coding","Ripke et al., 2014",""
"2014","KDM3B","51780","chr5:137688285..137772716","5q31","lysine (K)-specific demethylase 3B","protein-coding","Ripke et al., 2014",""
"2014","KDM4A","9682","chr1:44115797..44171189","1p34.1","lysine (K)-specific demethylase 4A","protein-coding","Ripke et al., 2014",""
"2014","KLC1","3831","chr14:104095525..104167888","14q32.3","kinesin light chain 1","protein-coding","Ripke et al., 2014",""
"2014","KMT2E-AS1","100216545","chr7:104650989..104654588","7q22.3","KMT2E antisense RNA 1 (head to head)","ncRNA","Ripke et al., 2014",""
"2014","L3MBTL2","83746","chr22:41601313..41627275","22q13.31-q13.33","l(3)mbt-like 2 (Drosophila)","protein-coding","Ripke et al., 2014",""
"2014","LCAT","3931","chr16:67973787..67978015","16q22.1","lecithin-cholesterol acyltransferase","protein-coding","Ripke et al., 2014",""
"2014","LINC00533","387055","chr6:28626063..28616843","6p21","long intergenic non-protein coding RNA 533","ncRNA","Ripke et al., 2014",""
"2014","LINC00634","339674","chr22:42348191..42354946","22q13.2","long intergenic non-protein coding RNA 634","ncRNA","Ripke et al., 2014",""
"2014","LINC00933","100506874","chr15:85113880..85123412","15","long intergenic non-protein coding RNA 933","ncRNA","Ripke et al., 2014",""
"2014","LINC01004","100216546","chr7:104622194..104631612","7q22.1","long intergenic non-protein coding RNA 1004","ncRNA","Ripke et al., 2014",""
"2014","LRP1","4035","chr12:57522282..57607142","12q13.3","low density lipoprotein receptor-related protein 1","protein-coding","Ripke et al., 2014",""
"2014","LRRC48","83450","chr17:17876127..17920203","17p11.2","leucine rich repeat containing 48","protein-coding","Ripke et al., 2014",""
"2014","LRRIQ3","127255","chr1:74491699..74663871","1p31.1","leucine-rich repeats and IQ motif containing 3","protein-coding","Ripke et al., 2014",""
"2014","LSM1","27257","chr8:38020857..38034026","8p11.2","LSM1, U6 small nuclear RNA associated","protein-coding","Ripke et al., 2014",""
"2011","LSM1","27257","chr8:38020857..38034026","8p11.2","LSM1, U6 small nuclear RNA associated","protein-coding","Shi et al., 2011",""
"2014","LUZP2","338645","chr11:24518556..25104186","11p14.3","leucine zipper protein 2","protein-coding","Ripke et al., 2014",""
"2013","MAD1L1","8379","chr7:1855428..2272583","7p22","MAD1 mitotic arrest deficient-like 1 (yeast)","protein-coding","Ripke et al., 2013",""
"2014","MAD1L1","8379","chr7:1855428..2272583","7p22","MAD1 mitotic arrest deficient-like 1 (yeast)","protein-coding","Ripke et al., 2014",""
"2014","MAN2A1","4124","chr5:109025156..109203429","5q21.3","mannosidase, alpha, class 2A, member 1","protein-coding","Ripke et al., 2014",""
"2014","MAN2A2","4122","chr15:91447420..91465815","15q26.1","mannosidase, alpha, class 2A, member 2","protein-coding","Ripke et al., 2014",""
"2014","MAPK3","5595","chr16:30125426..30134630","16p11.2","mitogen-activated protein kinase 3","protein-coding","Ripke et al., 2014",""
"2014","MARS2","92935","chr2:198570028..198573114","2q33.1","methionyl-tRNA synthetase 2, mitochondrial","protein-coding","Ripke et al., 2014",""
"2013","MAU2","23383","chr19:19431630..19469563","19p13.11","MAU2 sister chromatid cohesion factor","protein-coding","Ripke et al., 2013",""
"2014","MAU2","23383","chr19:19431630..19469563","19p13.11","MAU2 sister chromatid cohesion factor","protein-coding","Ripke et al., 2014",""
"2014","MDK","4192","chr11:46402618..46405375","11p11.2","midkine (neurite growth-promoting factor 2)","protein-coding","Ripke et al., 2014",""
"2014","MED19","219541","chr11:57471186..57479673","11q12.1","mediator complex subunit 19","protein-coding","Ripke et al., 2014",""
"2014","MEF2C","4208","chr5:88014058..88199922","5q14.3","myocyte enhancer factor 2C","protein-coding","Ripke et al., 2014",""
"2014","MEF2C-AS1","101929423","chr5:88185125..88513260","5q14.3","MEF2C antisense RNA 1","ncRNA","Ripke et al., 2014",""
"2009","MHC region","-","-","-","-","-","Purcell et al., 2009",""
"2014","MIR1228","100302201","chr12:57588287..57588359","12","microRNA 1228","ncRNA","Ripke et al., 2014",""
"2014","MIR1281","100302237","chr22:41488517..41488570","22","microRNA 1281","ncRNA","Ripke et al., 2014",""
"2014","MIR130A","406919","chr11:57408671..57408759","11q12.1","microRNA 130a","ncRNA","Ripke et al., 2014",""
"2011","MIR137","406928","chr1:98511626..98511727","1p21.3","microRNA 137","ncRNA","Ripke et al., 2011",""
"2014","MIR137","406928","chr1:98511626..98511727","1p21.3","microRNA 137","ncRNA","Ripke et al., 2014",""
"2014","MIR137HG","400765","chr1:98453556..98515249","1p21.3","MIR137 host gene","ncRNA","Ripke et al., 2014",""
"2014","MIR33A","407039","chr22:42296948..42297016","22q13.2","microRNA 33a","ncRNA","Ripke et al., 2014",""
"2014","MIR378I","100616259","chr22:42319226..42319301","22q13.2","microRNA 378i","ncRNA","Ripke et al., 2014",""
"2014","MIR4304","100422931","chr12:123495214..123495275","12","microRNA 4304","ncRNA","Ripke et al., 2014",""
"2014","MIR4529","100616290","chr18:53146452..53146529","18","microRNA 4529","ncRNA","Ripke et al., 2014",""
"2014","MIR4677","100616343","chr1:243509478..243509557","1q44","microRNA 4677","ncRNA","Ripke et al., 2014",""
"2014","MIR548AJ2","100616252","chrX:37883148..37883239","Xp21.1","microRNA 548aj-2","ncRNA","Ripke et al., 2014",""
"2014","MIR640","693225","chr19:19545872..19545967","19p13.11","microRNA 640","ncRNA","Ripke et al., 2014",""
"2014","MKL1","57591","chr22:40806292..41032690","22q13","megakaryoblastic leukemia (translocation) 1","protein-coding","Luo et al., 2014",""
"2014","MKL1","57591","chr22:40806292..41032690","22q13","megakaryoblastic leukemia (translocation) 1","protein-coding","Ripke et al., 2014",""
"2014","MLL5","55904","chr7:104654637..104754532","7q22.1","lysine (K)-specific methyltransferase 2E","protein-coding","Ripke et al., 2014",""
"2011","MMP16","4325","chr8:89049460..89339717","8q21.3","matrix metallopeptidase 16 (membrane-inserted)","protein-coding","Ripke et al., 2011",""
"2014","MMP16","4325","chr8:89049460..89339717","8q21.3","matrix metallopeptidase 16 (membrane-inserted)","protein-coding","Ripke et al., 2014",""
"2014","MPHOSPH9","10198","chr12:123640946..123706441","12q24.31","M-phase phosphoprotein 9","protein-coding","Ripke et al., 2014",""
"2014","MPP6","51678","chr7:24613085..24727498","7p15","membrane protein, palmitoylated 6 (MAGUK p55 subfamily member 6)","protein-coding","Ripke et al., 2014",""
"2014","MSANTD2","79684","chr11:124636388..124670868","11q24.2","Myb/SANT-like DNA-binding domain containing 2","protein-coding","Ripke et al., 2014",""
"2014","MSL2","55167","chr3:135867760..135914688","3q22.3","male-specific lethal 2 homolog (Drosophila)","protein-coding","Ripke et al., 2014",""
"2014","MUSTN1","389125","chr3:52867131..52869235","3p21.1","musculoskeletal, embryonic nuclear protein 1","protein-coding","Ripke et al., 2014",""
"2014","MYO15A","51168","chr17:18012020..18083116","17p11.2","myosin XVA","protein-coding","Ripke et al., 2014",""
"2009","MYO18B","84700","chr22:26138120..26427007","22q12.1","myosin XVIIIB","protein-coding","Purcell et al., 2009",""
"2014","MYO18B","84700","chr22:26138120..26427007","22q12.1","myosin XVIIIB","protein-coding","Ripke et al., 2014",""
"2014","MYO1A","4640","chr12:57422301..57443893","12q13-q14","myosin IA","protein-coding","Ripke et al., 2014",""
"2014","NAB2","4665","chr12:57482677..57489259","12q13.3","NGFI-A binding protein 2 (EGR1 binding protein 2)","protein-coding","Ripke et al., 2014",""
"2014","NAGA","4668","chr22:42454338..42466846","22q11","N-acetylgalactosaminidase, alpha-","protein-coding","Ripke et al., 2014",""
"2014","NCAN","1463","chr19:19322782..19363061","19p12","neurocan","protein-coding","Ripke et al., 2014",""
"2014","NCK1","4690","chr3:136581050..136667968","3q21","NCK adaptor protein 1","protein-coding","Ripke et al., 2014",""
"2013","NDST3","9348","chr4:118955500..119179789","4q26","N-deacetylase/N-sulfotransferase (heparan glucosaminyl) 3","protein coding","Lencz et al., 2013",""
"2014","NDST3","9348","chr4:118955500..119179789","4q26","N-deacetylase/N-sulfotransferase (heparan glucosaminyl) 3","protein-coding","Ripke et al., 2014",""
"2014","NDUFA13","51079","chr19:19627019..19639013","19p13.2","NADH dehydrogenase (ubiquinone) 1 alpha subcomplex, 13","protein-coding","Ripke et al., 2014",""
"2014","NDUFA2","4695","chr5:140024948..140027370","5q31.2","NADH dehydrogenase (ubiquinone) 1 alpha subcomplex, 2, 8kDa","protein-coding","Ripke et al., 2014",""
"2014","NDUFA4L2","56901","chr12:57628686..57634545","12q13.3","NADH dehydrogenase (ubiquinone) 1 alpha subcomplex, 4-like 2","protein-coding","Ripke et al., 2014",""
"2014","NDUFA6","4700","chr22:3567..8925","22q13.2","NADH dehydrogenase (ubiquinone) 1 alpha subcomplex, 6, 14kDa","protein-coding","Ripke et al., 2014",""
"2014","NEK1","4750","chr4:170314421..170533778","4q33","NIMA-related kinase 1","protein-coding","Ripke et al., 2014",""
"2014","NEK4","6787","chr3:52744796..52804965","3p21.1","NIMA-related kinase 4","protein-coding","Ripke et al., 2014",""
"2014","NFATC3","4775","chr16:68119269..68263162","16q22.2","nuclear factor of activated T-cells, cytoplasmic, calcineurin-dependent 3","protein-coding","Ripke et al., 2014",""
"2014","NFU1P2","100132699","chr1:98542370..98543056","1p21.3","NFU1 iron-sulfur cluster scaffold pseudogene 2","pseudo","Ripke et al., 2014",""
"2014","NGEF","25791","chr2:233743396..233877951","2q37","neuronal guanine nucleotide exchange factor","protein-coding","Ripke et al., 2014",""
"2014","NISCH","11188","chr3:52489524..52527088","3p21.1","nischarin","protein-coding","Ripke et al., 2014",""
"2014","NKAPL","222698","chr6:28227098..28228736","6p22.1","NFKB activating protein-like","protein-coding","Ripke et al., 2014",""
"2011","NKAPL","222698","chr6:28227098..28228736","6p22.1","NFKB activating protein-like","protein-coding","Yue et al., 2011",""
"2014","NLGN4X","57502","chrX:5808083..6146706","Xp22.33","neuroligin 4, X-linked","protein-coding","Ripke et al., 2014",""
"2014","NOSIP","51070","chr19:50058968..50083803","19q13.33","nitric oxide synthase interacting protein","protein-coding","Ripke et al., 2014",""
"2012","NOTCH4","4855","chr6:3633298..3662520","6p21.3","notch 4","protein-coding","Ikeda et al., 2012",""
"2014","NOTCH4","4855","chr6:3633298..3662520","6p21.3","notch 4","protein-coding","Ripke et al., 2014",""
"2014","NPM1P46","729342","chr2:198244109..198245713","2q33.1","nucleophosmin 1 (nucleolar phosphoprotein B23, numatrin) pseudogene 46","pseudo","Ripke et al., 2014",""
"2014","NRGN","4900","chr11:124609829..124617102","11q24","neurogranin (protein kinase C substrate, RC3)","protein-coding","Ripke et al., 2014",""
"2009","NRGN","4900","chr11:124609829..124617102","11q24","neurogranin (protein kinase C substrate, RC3)","protein-coding","Stefansson et al., 2009",""
"2014","NRN1L","123904","chr16:67918781..67920271","16q22.1","neuritin 1-like","protein-coding","Ripke et al., 2014",""
"2011","NT5C2","22978","chr10:104845940..104953056","10q24.32","5'-nucleotidase, cytosolic II","protein-coding","Ripke et al., 2011",""
"2014","NT5C2","22978","chr10:104845940..104953056","10q24.32","5'-nucleotidase, cytosolic II","protein-coding","Ripke et al., 2014",""
"2014","NT5DC2","64943","chr3:52558385..52569093","3p21.1","5'-nucleotidase domain containing 2","protein-coding","Ripke et al., 2014",""
"2014","NUTF2","10204","chr16:67880819..67905219","16q22.1","nuclear transport factor 2","protein-coding","Ripke et al., 2014",""
"2014","NXPH4","11247","chr12:57610578..57620232","12q13.3","neurexophilin 4","protein-coding","Ripke et al., 2014",""
"2014","OGFOD2","79676","chr12:123459354..123464588","12q24.31","2-oxoglutarate and iron-dependent oxygenase domain containing 2","protein-coding","Ripke et al., 2014",""
"2014","OLA1P1","246785","chr22:42503354..4250511","22q13.2","Obg-like ATPase 1 pseudogene 1","pseudo","Ripke et al., 2014",""
"2014","OR2E1P","26719","chr6:28423307..28423934","6p22-p21.3","olfactory receptor, family 2, subfamily E, member 1 pseudogene","pseudo","Ripke et al., 2014",""
"2014","OR5BA1P","81210","chr11:57633774..57634752","11q12.1","olfactory receptor, family 5, subfamily BA, member 1 pseudogene","pseudo","Ripke et al., 2014",""
"2014","OSBPL3","26031","chr7:24836159..25019760","7p15","oxysterol binding protein-like 3","protein-coding","Ripke et al., 2014",""
"2014","OTUD7B","56957","chr1:149912231..149982686","1q21.2","OTU deubiquitinase 7B","protein-coding","Ripke et al., 2014",""
"2014","PAK6","56924","chr15:40509629..40569688","15q14","p21 protein (Cdc42/Rac)-activated kinase 6","protein-coding","Ripke et al., 2014",""
"2014","PARD6A","50855","chr16:67694851..67696681","16q22.1","par-6 family cell polarity regulator alpha","protein-coding","Ripke et al., 2014",""
"2014","PBRM1","55193","chr3:52579368..52719866","3p21","polybromo 1","protein-coding","Ripke et al., 2014",""
"2014","PBX4","80714","chr19:19672516..19729725","19p12","pre-B-cell leukemia homeobox 4","protein-coding","Ripke et al., 2014",""
"2014","PCCB","5096","chr3:135969167..136049013","3q21-q22","propionyl CoA carboxylase, beta polypeptide","protein-coding","Ripke et al., 2014",""
"2014","PCDHA10","56139","chr5:140235634..140391929","5q31","protocadherin alpha 10","protein-coding","Ripke et al., 2014",""
"2014","PCDHA1","56147","chr5:140165876..140391929","5q31","protocadherin alpha 1","protein-coding","Ripke et al., 2014",""
"2014","PCDHA2","56146","chr5:140174444..140391929","5q31","protocadherin alpha 2","protein-coding","Ripke et al., 2014",""
"2014","PCDHA3","56145","chr5:140180783..140391929","5q31","protocadherin alpha 3","protein-coding","Ripke et al., 2014",""
"2014","PCDHA4","56144","chr5:140186672..140391929","5q31","protocadherin alpha 4","protein-coding","Ripke et al., 2014",""
"2014","PCDHA5","56143","chr5:140201361..140391929","5q31","protocadherin alpha 5","protein-coding","Ripke et al., 2014",""
"2014","PCDHA6","56142","chr5:140207650..140391929","5q31","protocadherin alpha 6","protein-coding","Ripke et al., 2014",""
"2014","PCDHA7","56141","chr5:140213969..140391929","5q31","protocadherin alpha 7","protein-coding","Ripke et al., 2014",""
"2014","PCDHA8","56140","chr5:140220907..140391929","5q31","protocadherin alpha 8","protein-coding","Ripke et al., 2014",""
"2014","PCDHA9","9752","chr5:140227357..140391929","5q31","protocadherin alpha 9","protein-coding","Ripke et al., 2014",""
"2011","PCGEM1","64002","chr2:193614571..193641625","2q32","PCGEM1, prostate-specific transcript (non-protein coding)","ncRNA","Ripke et al., 2011",""
"2014","PCGEM1","64002","chr2:193614571..193641625","2q32","PCGEM1, prostate-specific transcript (non-protein coding)","ncRNA","Ripke et al., 2014",""
"2014","PCGF6","84108","chr10:105062553..105110891","10q24.33","polycomb group ring finger 6","protein-coding","Ripke et al., 2014",""
"2014","PDCD11","22984","chr10:105156412..105206019","10q24.33","programmed cell death 11","protein-coding","Ripke et al., 2014",""
"2014","PGBD1","84547","chr6:28249314..28270326","6p22.1","piggyBac transposable element derived 1","protein-coding","Ripke et al., 2014",""
"2009","PGBD1","84547","chr6:28249314..28270326","6p22.1","piggyBac transposable element derived 1","protein-coding","Stefansson et al., 2009",""
"2011","PGBD1","84547","chr6:28249314..28270326","6p22.1","piggyBac transposable element derived 1","protein-coding","Yue et al., 2011",""
"2014","PITPNM2","57605","chr12:123468027..123594975","12q24.31","phosphatidylinositol transfer protein, membrane-associated 2","protein-coding","Ripke et al., 2014",""
"2014","PJA1","64219","chrX:68380581..68385365","Xq13.1","praja ring finger 1, E3 ubiquitin protein ligase","protein-coding","Ripke et al., 2014",""
"2014","PLA2G15","23659","chr16:68279247..68294961","16q22.1","phospholipase A2, group XV","protein-coding","Ripke et al., 2014",""
"2014","PLAA","9373","chr9:26903368..26947468","9p21","phospholipase A2-activating protein","protein-coding","Ripke et al., 2014",""
"2009","PLAA","9373","chr9:26903368..26947468","9p21","phospholipase A2-activating protein","protein-coding","Stefansson et al., 2009",""
"2014","PLCB2","5330","chr15:40580098..40600174","15q15","phospholipase C, beta 2","protein-coding","Ripke et al., 2014",""
"2014","PLCB2-AS1","100874186","chr15:40592871..40594021","15q15.1","PLCB2 antisense RNA 1","ncRNA","Ripke et al., 2014",""
"2014","PLCH2","9651","chr1:2407754..2436964","1p36.32","phospholipase C, eta 2","protein-coding","Ripke et al., 2014",""
"2014","PLCL1","5334","chr2:198669426..199014608","2q33","phospholipase C-like 1","protein-coding","Ripke et al., 2014",""
"2014","PLEKHO1","51177","chr1:150122170..150131825","1q21.2","pleckstrin homology domain containing, family O member 1","protein-coding","Ripke et al., 2014",""
"2014","PODXL","5420","chr7:131185021..131241376","7q32-q33","podocalyxin-like","protein-coding","Ripke et al., 2014",""
"2014","PPP1R13B","23368","chr14:104200088..104313927","14q32.33","protein phosphatase 1, regulatory subunit 13B","protein-coding","Ripke et al., 2014",""
"2014","PPP1R16B","26051","chr20:37434348..37551667","20q11.23","protein phosphatase 1, regulatory subunit 16B","protein-coding","Ripke et al., 2014",""
"2014","PPP2R3A","5523","chr3:135684515..135866752","3q22.1","protein phosphatase 2, regulatory subunit B'', alpha","protein-coding","Ripke et al., 2014",""
"2014","PPP4C","5531","chr16:30087385..30096695","16p11.2","protein phosphatase 4, catalytic subunit","protein-coding","Ripke et al., 2014",""
"2014","PRKD1","5587","chr14:30045685..30396899","14q11","protein kinase D1","protein-coding","Ripke et al., 2014",""
"2014","PRR12","57479","chr19:50094912..50129696","19q13.33","proline rich 12","protein-coding","Ripke et al., 2014",""
"2014","PRRG2","5639","chr19:50084587..50094265","19q13.33","proline rich Gla (G-carboxyglutamic acid) 2","protein-coding","Ripke et al., 2014",""
"2014","PRSS16","10279","chr6:27215502..27224399","6p21","protease, serine, 16 (thymus)","protein-coding","Ripke et al., 2014",""
"2009","PRSS16","10279","chr6:27215502..27224399","6p21","protease, serine, 16 (thymus)","protein-coding","Stefansson et al., 2009",""
"2014","PSKH1","5681","chr16:67927175..67963581","16q22.1","protein serine kinase H1","protein-coding","Ripke et al., 2014",""
"2014","PSMA4","5685","chr15:78832747..78841562","15q25.1","proteasome (prosome, macropain) subunit, alpha type, 4","protein-coding","Ripke et al., 2014",""
"2014","PSMB10","5699","chr16:67968407..67970780","16q22.1","proteasome (prosome, macropain) subunit, beta type, 10","protein-coding","Ripke et al., 2014",""
"2014","PSMD6","9861","chr3:63996231..64009120","3p14.1","proteasome (prosome, macropain) 26S subunit, non-ATPase, 6","protein-coding","Ripke et al., 2014",""
"2014","PTGIS","5740","chr20:48120411..48184707","20q13.13","prostaglandin I2 (prostacyclin) synthase","protein-coding","Ripke et al., 2014",""
"2014","PTN","5764","chr7:136912088..137028546","7q33","pleiotrophin","protein-coding","Ripke et al., 2014",""
"2014","PTPRF","5792","chr1:43996547..44089343","1p34","protein tyrosine phosphatase, receptor type, F","protein-coding","Ripke et al., 2014",""
"2014","PUS7","54517","chr7:105096958..105162685","7q22.3","pseudouridylate synthase 7 (putative)","protein-coding","Ripke et al., 2014",""
"2013","QPCT","25797","chr2:37571753..37600465","2p22.2","glutaminyl-peptide cyclotransferase","protein-coding","Ripke et al., 2013",""
"2014","QPCT","25797","chr2:37571753..37600465","2p22.2","glutaminyl-peptide cyclotransferase","protein-coding","Ripke et al., 2014",""
"2014","R3HDM2","22864","chr12:57647548..57704246","12q13.3","R3H domain containing 2","protein-coding","Ripke et al., 2014",""
"2014","RAI1","10743","chr17:17584787..17714767","17p11.2","retinoic acid induced 1","protein-coding","Ripke et al., 2014",""
"2014","RANBP10","57610","chr16:67757005..67840555","16q22.1","RAN binding protein 10","protein-coding","Ripke et al., 2014",""
"2014","RANGAP1","5905","chr22:41641615..41682216","22q13","Ran GTPase activating protein 1","protein-coding","Ripke et al., 2014",""
"2014","RCN3","57333","chr19:50030875..50046890","19q13.33","reticulocalbin 3, EF-hand calcium binding domain","protein-coding","Ripke et al., 2014",""
"2014","REEP2","51308","chr5:137774776..137782658","5q31","receptor accessory protein 2","protein-coding","Ripke et al., 2014",""
"2014","RENBP","5973","chrX:153200722..153210232","Xq28","renin binding protein","protein-coding","Ripke et al., 2014",""
"2013","RENBP","5973","chrX:153200722..153210232","Xq28","renin binding protein","protein-coding","Wong et al., 2013",""
"2014","RERE","473","chr1:8412464..8877699","1p36.23","arginine-glutamic acid dipeptide (RE) repeats","protein-coding","Ripke et al., 2014",""
"2014","RFTN2","130132","chr2:198435527..198540584","2q33.1","raftlin family member 2","protein-coding","Ripke et al., 2014",""
"2014","RGS6","9628","chr14:72398817..73033238","14q24.3","regulator of G-protein signaling 6","protein-coding","Ripke et al., 2014",""
"2014","RILPL2","196383","chr12:123899936..123921264","12q24.31","Rab interacting lysosomal protein-like 2","protein-coding","Ripke et al., 2014",""
"2014","RIMS1","22999","chr6:72596650..73112845","6q12-q13","regulating synaptic membrane exocytosis 1","protein-coding","Ripke et al., 2014",""
"2014","RLTPR","146206","chr16:67679030..67691472","16q22.1","RGD motif, leucine rich repeats, tropomodulin domain and proline-rich containing","protein coding","Ripke et al., 2014",""
"2014","RPL26P9","100270885","chr1:98051422..98051856","1p22","ribosomal protein L26 pseudogene 9","pseudo","Ripke et al., 2014",""
"2014","RPS12P27","100271552","chr16:68243284..68243727","16q22.1","ribosomal protein S12 pseudogene 27","pseudo","Ripke et al., 2014",""
"2014","RRAS","6237","chr19:50138552..50143400","19q13.33","related RAS viral (r-ras) oncogene homolog","protein-coding","Ripke et al., 2014",""
"2014","RWDD4P1","100419903","chr7:104941969..104942530","7","RWD domain containing 4 pseudogene 1","pseudo","Ripke et al., 2014",""
"2014","SATB2","23314","chr2:200134223..200335989","2q33","SATB homeobox 2","protein-coding","Ripke et al., 2014",""
"2014","SBNO1","55206","chr12:123773656..123834988","12q24.31","strawberry notch homolog 1 (Drosophila)","protein-coding","Ripke et al., 2014",""
"2014","SCAF1","58506","chr19:50145382..50161906","19q13.3-q13.4","SR-related CTD-associated factor 1","protein-coding","Ripke et al., 2014",""
"2014","SCAND3","114821","chr6:61611..77316","6p22.1","zinc finger, BED-type containing 9","protein-coding","Ripke et al., 2014",""
"2013","SDCCAG8","10806","chr1:243419307..243663393","1q43","serologically defined colon cancer antigen 8","protein-coding","Hamshere et al., 2013",""
"2013","SDCCAG8","10806","chr1:243419307..243663393","1q43","serologically defined colon cancer antigen 8","protein-coding","Ripke et al., 2013",""
"2014","SDCCAG8","10806","chr1:243419307..243663393","1q43","serologically defined colon cancer antigen 8","protein-coding","Ripke et al., 2014",""
"2014","SEC63P1","100420341","chr1:98011257..98012516","1","SEC63 homolog, protein translocation regulator pseudogene 1","pseudo","Ripke et al., 2014",""
"2014","SEPT3","55964","chr22:42372931..42394225","22q13.2","septin 3","protein-coding","Ripke et al., 2014",""
"2014","SERPING1","710","chr11:57365027..57382326","11q12.1","serpin peptidase inhibitor, clade G (C1 inhibitor), member 1","protein-coding","Ripke et al., 2014",""
"2014","SETD8","387893","chr12:123868704..123893900","12q24.31","SET domain containing (lysine methyltransferase) 8","protein-coding","Ripke et al., 2014",""
"2014","SEZ6L2","26470","chr16:29882480..29910580","16p11.2","seizure related 6 homolog (mouse)-like 2","protein-coding","Ripke et al., 2014",""
"2014","SF3B1","23451","chr2:198256698..198299771","2q33.1","splicing factor 3b, subunit 1, 155kDa","protein-coding","Ripke et al., 2014",""
"2014","SFXN2","118980","chr10:104474298..104498946","10q24.32","sideroflexin 2","protein-coding","Ripke et al., 2014",""
"2014","SGSM2","9905","chr17:2240806..2284348","17p13.3","small G protein signaling modulator 2","protein-coding","Ripke et al., 2014",""
"2014","SHISA8","440829","chr22:42305558..42310671","22q13.2","shisa family member 8","protein-coding","Ripke et al., 2014",""
"2014","SHMT2","6472","chr12:57623356..57628718","12q12-q14","serine hydroxymethyltransferase 2 (mitochondrial)","protein-coding","Ripke et al., 2014",""
"2014","SLC12A4","6560","chr16:67977377..68002597","16q22.1","solute carrier family 12 (potassium/chloride transporter), member 4","protein-coding","Ripke et al., 2014",""
"2014","SLC25A5P1","266623","chr22:42396437..42398037","22q13.2","solute carrier family 25 (mitochondrial carrier; adenine nucleotide translocator), member 5 pseudogene 1","pseudo","Ripke et al., 2014",""
"2014","SLC32A1","140679","chr20:37353105..37358015","20q11.23","solute carrier family 32 (GABA vesicular transporter), member 1","protein-coding","Ripke et al., 2014",""
"2014","SLC35G2","80723","chr3:136537861..136574734","3q22.3","solute carrier family 35, member G2","protein-coding","Ripke et al., 2014",""
"2014","SLC38A7","55238","chr16:58700298..58718674","16q21","solute carrier family 38, member 7","protein-coding","Ripke et al., 2014",""
"2014","SLC39A8","64116","chr4:103172198..103266655","4q24","solute carrier family 39 (zinc transporter), member 8","protein-coding","Ripke et al., 2014",""
"2014","SLC45A1","50651","chr1:8384390..8404227","1p36.23","solute carrier family 45, member 1","protein-coding","Ripke et al., 2014",""
"2014","SLC4A10","57282","chr2:162480845..162841786","2q24.2","solute carrier family 4, sodium bicarbonate transporter, member 10","protein-coding","Ripke et al., 2014",""
"2014","SLC7A6","9057","chr16:68298423..68335722","16q22.1","solute carrier family 7 (amino acid transporter light chain, y+L system), member 6","protein-coding","Ripke et al., 2014",""
"2014","SLC7A6OS","84138","chr16:68334518..68344868","16q22.1","solute carrier family 7, member 6 opposite strand","protein-coding","Ripke et al., 2014",""
"2013","SLCO6A1","133482","chr5:101707651..101834720","5q21.1","solute carrier organic anion transporter family, member 6A1","protein-coding","Ripke et al., 2013",""
"2014","SLCO6A1","133482","chr5:101707651..101834720","5q21.1","solute carrier organic anion transporter family, member 6A1","protein-coding","Ripke et al., 2014",""
"2014","SMDT1","91689","chr22:42475695..42480288","22q13.2","single-pass membrane protein with aspartate-rich tail 1","protein-coding","Ripke et al., 2014",""
"2014","SMG6","23293","chr17:1963133..2207069","17p13.3","SMG6 nonsense mediated mRNA decay factor","protein-coding","Ripke et al., 2014",""
"2014","SMIM4","440957","chr3:52570002..52574586","3p21.1","small integral membrane protein 4","protein-coding","Ripke et al., 2014",""
"2014","SNAP91","9892","chr6:84262604..84419127","6q14.2","synaptosomal-associated protein, 91kDa","protein-coding","Ripke et al., 2014",""
"2013","SNX19","399979","chr11:130745766..130786382","11q25","sorting nexin 19","protein-coding","Ripke et al., 2013",""
"2014","SNX19","399979","chr11:130745766..130786382","11q25","sorting nexin 19","protein-coding","Ripke et al., 2014",""
"2014","SOX2-OT","347689","chr3:180774468..181460016","3q26.33","SOX2 overlapping transcript","ncRNA","Ripke et al., 2014",""
"2014","SPCS1","28972","chr3:52739857..52742198","3p21.1","signal peptidase complex subunit 1 homolog (S. cerevisiae)","protein-coding","Ripke et al., 2014",""
"2014","SREBF1","6720","chr17:17714663..17740325","17p11.2","sterol regulatory element binding transcription factor 1","protein-coding","Ripke et al., 2014",""
"2014","SREBF2","6721","chr22:42229106..42302375","22q13","sterol regulatory element binding transcription factor 2","protein-coding","Ripke et al., 2014",""
"2014","SRPK2","6733","chr7:104756823..105029341","7q22-q31.1","SRSF protein kinase 2","protein-coding","Ripke et al., 2014",""
"2014","SRR","63826","chr17:2207248..2228553","17p13","serine racemase","protein-coding","Ripke et al., 2014",""
"2014","STAB1","23166","chr3:52529356..52558511","3p21.1","stabilin 1","protein-coding","Ripke et al., 2014",""
"2014","STAC3","246329","chr12:57637242..57644969","12q13.3","SH3 and cysteine rich domain 3","protein-coding","Ripke et al., 2014",""
"2014","STAG1","10274","chr3:136055999..136471245","3q22.3","stromal antigen 1","protein-coding","Ripke et al., 2014",""
"2014","STAT6","6778","chr12:57489187..57505196","12q13","signal transducer and activator of transcription 6, interleukin-4 induced","protein-coding","Ripke et al., 2014",""
"2011","STT3A","3703","chr11:125462739..125491280","11q23.3","STT3A, subunit of the oligosaccharyltransferase complex (catalytic)","protein-coding","Ripke et al., 2011",""
"2014","STT3A","3703","chr11:125462739..125491280","11q23.3","STT3A, subunit of the oligosaccharyltransferase complex (catalytic)","protein-coding","Ripke et al., 2014",""
"2014","SUGP1","57794","chr19:19387322..19431307","19p13.11","SURP and G patch domain containing 1","protein-coding","Ripke et al., 2014",""
"2014","TAC3","6866","chr12:57403781..57410344","12q13.3","tachykinin 3","protein-coding","Ripke et al., 2014",""
"2014","TAF5","6877","chr10:105127724..105148822","10q24-q25.2","TAF5 RNA polymerase II, TATA box binding protein (TBP)-associated factor, 100kDa","protein-coding","Ripke et al., 2014",""
"2014","TAOK2","9344","chr16:29985222..30003581","16p11.2","TAO kinase 2","protein-coding","Ripke et al., 2014",""
"2014","TBC1D5","9779","chr3:17198654..17784240","3p24.3","TBC1 domain family, member 5","protein-coding","Ripke et al., 2014",""
"2014","TBX6","6911","chr16:30097114..30103205","16p11.2","T-box 6","protein-coding","Ripke et al., 2014",""
"2014","TCF20","6942","chr22:65900..121331","22q13.3|22q13.3","transcription factor 20 (AR1)","protein-coding","Ripke et al., 2014",""
"2014","TCF4","6925","chr18:52889562..53255860","18q21.1","transcription factor 4","protein-coding","Ripke et al., 2014",""
"2014","TCF4","6925","chr18:52889562..53255860","18q21.1","transcription factor 4","protein-coding","Ripke et al., 2014",""
"2009","TCF4","6925","chr18:52889562..53255860","18q21.1","transcription factor 4","protein-coding","Stefansson et al., 2009",""
"2011","TCF4","6925","chr18:52889562..53255860","18q21.1","transcription factor 4","protein-coding","Steinberg et al., 2011",""
"2014","TDGF1P6","22813","chr3:135874390..135875886","3q22","teratocarcinoma-derived growth factor 1 pseudogene 6","pseudo","Ripke et al., 2014",""
"2014","THAP11","57215","chr16:67876213..67878098","16q22.1","THAP domain containing 11","protein-coding","Ripke et al., 2014",""
"2014","THOC7","80145","chr3:63819546..63849597","3p14.1","THO complex 7","protein-coding","Ripke et al., 2014",""
"2014","THOC7-AS1","100874039","chr3:63846321..63847495","3","HOC7 antisense RNA 1","ncRNA","Ripke et al., 2014",""
"2014","TLE1","7088","chr9:84198598..84303596","9q21.32","transducin-like enhancer of split 1 (E(sp1) homolog, Drosophila)","protein-coding","Ripke et al., 2014",""
"2014","TLE3","7090","chr15:70340543..70390256","15q22","transducin-like enhancer of split 3","protein-coding","Ripke et al., 2014",""
"2014","TM6SF2","53345","chr19:19375174..19384074","19p13.3-p12","transmembrane 6 superfamily member 2","protein-coding","Ripke et al., 2014",""
"2014","TMCO6","55374","chr5:140019012..140024989","5q31.3","transmembrane and coiled-coil domains 6","protein-coding","Ripke et al., 2014",""
"2014","TMEM110","375346","chr3:52870772..52931597","3p21.1","transmembrane protein 110","protein-coding","Ripke et al., 2014",""
"2014","TMEM110-MUSTN1","100526772","chr3:52867131..52931597","3","TMEM110-MUSTN1 readthrough","protein-coding","Ripke et al., 2014",""
"2014","TMEM194A","23306","chr12:57449426..57472574","12q13.3","nuclear envelope integral membrane protein 1","protein-coding","Ripke et al., 2014",""
"2014","TMEM219","124446","chr16:29973351..29984373","16p11.2","transmembrane protein 219","protein-coding","Ripke et al., 2014",""
"2014","TMTC1","83857","chr12:29653746..29937692","12p11.22","transmembrane and tetratricopeptide repeat containing 1","protein-coding","Ripke et al., 2014",""
"2014","TMX2","51075","chr11:57479995..57508445","11cen-q22.3","thioredoxin-related transmembrane protein 2","protein-coding","Ripke et al., 2014",""
"2014","TNFRSF13C","115650","chr22:42321036..42322821","22q13.1-q13.31","tumor necrosis factor receptor superfamily, member 13C","protein-coding","Ripke et al., 2014",""
"2014","TOM1L2","146691","chr17:17746822..17875784","17p11.2","target of myb1-like 2 (chicken)","protein-coding","Ripke et al., 2014",""
"2014","TRANK1","9881","chr3:36868308..36986548","3p22.2","tetratricopeptide repeat and ankyrin repeat containing 1","protein-coding","Ripke et al., 2014",""
"2011","TRIM26","7726","chr6:1664341..1693371","6p21.3","tripartite motif containing 26","protein-coding","Ripke et al., 2011",""
"2014","TRIM26","7726","chr6:1664341..1693371","6p21.3","tripartite motif containing 26","protein-coding","Ripke et al., 2014",""
"2014","TRIM8","81603","chr10:104404252..104418076","10q24.3","tripartite motif containing 8","protein-coding","Ripke et al., 2014",""
"2014","TRMT61A","115708","chr14:103995509..104003410","14q32","tRNA methyltransferase 61A","protein-coding","Ripke et al., 2014",""
"2013","TSNARE1","203062","chr8:143293441..143436128","8q24.3","t-SNARE domain containing 1","protein-coding","Ripke et al., 2013",""
"2014","TSNARE1","203062","chr8:143293441..143436128","8q24.3","t-SNARE domain containing 1","protein-coding","Ripke et al., 2014",""
"2014","TSNAXIP1","55815","chr16:67841010..67861971","16q22.1","translin-associated factor X interacting protein 1","protein-coding","Ripke et al., 2014",""
"2014","TSPAN18","90139","chr11:44785976..44953978","11p11.2","tetraspanin 18","protein-coding","Ripke et al., 2014",""
"2011","TSPAN18","90139","chr11:44785976..44953978","11p11.2","tetraspanin 18","protein-coding","Yue et al., 2011",""
"2014","TSR1","55720","chr17:2225972..2240678","17p13.3","TSR1, 20S rRNA accumulation, homolog (S. cerevisiae)","protein-coding","Ripke et al., 2014",""
"2014","TSSK6","83983","chr19:19625028..19626469","19p13.11","testis-specific serine kinase 6","protein-coding","Ripke et al., 2014",""
"2014","TYW5","129450","chr2:200793634..200820459","2q33.1","tRNA-yW synthesizing protein 5","protein-coding","Ripke et al., 2014",""
"2014","UBE2Q2P1","388165","chr15:85070427..85114026","15q25.2","ubiquitin-conjugating enzyme E2Q family member 2 pseudogene 1","pseudo","Ripke et al., 2014",""
"2014","USMG5","84833","chr10:105148807..105156270","10q24.33","up-regulated during skeletal muscle growth 5 homolog (mouse)","protein-coding","Ripke et al., 2014",""
"2014","VPS45","11311","chr1:150039342..150117505","1q21.2","vacuolar protein sorting 45 homolog (S. cerevisiae)","protein-coding","Ripke et al., 2014",""
"2014","VRK2","7444","chr2:58273777..58387055","2p16.1","vaccinia related kinase 2","protein-coding","Ripke et al., 2014",""
"2011","VRK2","7444","chr2:58273777..58387055","2p16.1","vaccinia related kinase 2","protein-coding","Steinberg et al., 2011",""
"2014","VSIG2","23584","chr11:124617370..124622109","11q24","V-set and immunoglobulin domain containing 2","protein-coding","Ripke et al., 2014",""
"2014","WBP1L","54838","chr10:104503727..104576022","10q24.32","WW domain binding protein 1-like","protein-coding","Ripke et al., 2014",""
"2014","WBP2NL","164684","chr22:42394729..42424479","22q13.2","WBP2 N-terminal like","protein-coding","Ripke et al., 2014",""
"2014","WDR55","54853","chr5:140044384..140050553","5q31.3","WD repeat domain 55","protein-coding","Ripke et al., 2014",""
"2014","WHSC1L1","54904","chr8:38132560..38239790","8p11.2","Wolf-Hirschhorn syndrome candidate 1-like 1","protein-coding","Ripke et al., 2014",""
"2011","WHSC1L1","54904","chr8:38132560..38239790","8p11.2","Wolf-Hirschhorn syndrome candidate 1-like 1","protein-coding","Shi et al., 2011",""
"2014","XRCC3","7517","chr14:104163954..104181823","14q32.3","X-ray repair complementing defective repair in Chinese hamster cells 3","protein-coding","Ripke et al., 2014",""
"2014","YJEFN3","374887","chr19:19639670..19648393","19p13.11","YjeF N-terminal domain containing 3","protein coding","Ripke et al., 2014",""
"2014","YPEL3","83719","chr16:30103635..30107537","16p11.2","yippee-like 3 (Drosophila)","protein-coding","Ripke et al., 2014",""
"2014","YPEL4","219539","chr11:57412560..57417417","11q12.1","yippee-like 4 (Drosophila)","protein-coding","Ripke et al., 2014",""
"2014","ZDHHC5","25921","chr11:57435474..57468659","11q12.1","zinc finger, DHHC-type containing 5","protein-coding","Ripke et al., 2014",""
"2013","ZEB2","9839","chr2:145141942..145277958","2q22.3","zinc finger E-box binding homeobox 2","protein-coding","Ripke et al., 2013",""
"2014","ZEB2","9839","chr2:145141942..145277958","2q22.3","zinc finger E-box binding homeobox 2","protein-coding","Ripke et al., 2014",""
"2014","ZFYVE21","79038","chr14:104182081..104200005","14q32.33","zinc finger, FYVE domain containing 21","protein-coding","Ripke et al., 2014",""
"2014","ZKSCAN3","80317","chr6:28317691..28336954","6p22.1","zinc finger with KRAB and SCAN domains 3","protein-coding","Ripke et al., 2014",""
"2014","ZKSCAN4","387032","chr6:28212490..28220002","6p21","zinc finger with KRAB and SCAN domains 4","protein-coding","Ripke et al., 2014",""
"2011","ZKSCAN4","387032","chr6:28212490..28220002","6p21","zinc finger with KRAB and SCAN domains 4","protein-coding","Yue et al., 2011",""
"2014","ZMAT2","153527","chr5:140080032..140086239","5q31.3","zinc finger, matrin-type 2","protein-coding","Ripke et al., 2014",""
"2014","ZNF408","79797","chr11:46722317..46727466","11p11.2","zinc finger protein 408","protein-coding","Ripke et al., 2014",""
"2014","ZNF536","9745","chr19:30863328..31048965","19q12","zinc finger protein 536","protein-coding","Ripke et al., 2014",""
"2008","ZNF804A","91752","chr2:185463093..185804214","2q32.1","zinc finger protein 804A","protein-coding","O'Donovan et al., 2008",""
"2014","ZNF804A","91752","chr2:185463093..185804214","2q32.1","zinc finger protein 804A","protein-coding","Ripke et al., 2014",""
"2014","ZSCAN12","9753","chr6:28346598..28367544","6p21","zinc finger and SCAN domain containing 12","protein-coding","Ripke et al., 2014",""
"2014","ZSCAN23","222696","chr6:28400432..28411279","6p22.1","zinc finger and SCAN domain containing 23","protein-coding","Ripke et al., 2014",""
"2014","ZSCAN2","54993","chr15:85144249..85166947","15q25.2","zinc finger and SCAN domain containing 2","protein-coding","Ripke et al., 2014",""
"2014","ZSCAN31","64288","chr6:28292514..28321972","6p21.31|6p22.3-p22.1","zinc finger and SCAN domain containing 31","protein-coding","Ripke et al., 2014",""
"2014","ZSWIM6","57688","chr5:60628100..60841999","5q12.1","zinc finger, SWIM-type containing 6","protein-coding","Ripke et al., 2014",""
"year","Symbol","Entrez Id","Position","Location","Description","Type","Reference","LocusZoom"